seed,gain,mc_total,lambda_driven,perturbation_driven
0,0.1,3.99262,-2.55886,0.07791
0,0.2263,5.13586,-1.74869,0.17571
0,0.3526,5.53106,-1.3132,0.27091
0,0.4789,5.98486,-1.02123,0.36405
0,0.6053,6.33175,-0.80558,0.45165
0,0.7316,6.60626,-0.63699,0.53631
0,0.8579,6.80088,-0.5004,0.61202
0,0.9842,6.96526,-0.39466,0.68314
0,1.1105,7.0906,-0.30568,0.74393
0,1.2368,7.17975,-0.23197,0.80045
0,1.3632,7.21337,-0.16508,0.85318
0,1.4895,7.32086,-0.11134,0.90176
0,1.6158,7.42616,-0.05874,0.94955
0,1.7421,7.57056,-0.01757,0.9889
0,1.8684,7.56449,0.02469,1.025
0,1.9947,7.29551,0.06108,1.06164
0,2.1211,7.02438,0.09134,1.09712
0,2.2474,7.02695,0.11984,1.12953
0,2.3737,7.00134,0.15079,1.16142
0,2.5,6.50199,0.18219,1.19906
1,0.1,3.95169,-2.56944,0.07611
1,0.2263,4.9751,-1.76185,0.17083
1,0.3526,5.41501,-1.33507,0.26486
1,0.4789,5.72155,-1.05188,0.35309
1,0.6053,5.9817,-0.83916,0.43768
1,0.7316,6.17912,-0.67365,0.51644
1,0.8579,6.28892,-0.54304,0.58919
1,0.9842,6.36372,-0.43287,0.65779
1,1.1105,6.51346,-0.34524,0.71751
1,1.2368,6.71082,-0.26685,0.77381
1,1.3632,6.89221,-0.20324,0.8282
1,1.4895,7.06139,-0.14414,0.87375
1,1.6158,7.16534,-0.09027,0.91756
1,1.7421,7.18467,-0.04646,0.96074
1,1.8684,7.04005,-0.00335,0.99979
1,1.9947,7.01135,0.03141,1.03557
1,2.1211,6.85642,0.0645,1.07399
1,2.2474,6.82617,0.09684,1.10738
1,2.3737,7.1221,0.12431,1.14106
1,2.5,6.77079,0.15829,1.17866
2,0.1,4.05464,-2.55088,0.07813
2,0.2263,5.31425,-1.74335,0.17561
2,0.3526,5.7265,-1.31417,0.27131
2,0.4789,6.03885,-1.02443,0.36312
2,0.6053,6.26461,-0.80801,0.45043
2,0.7316,6.49008,-0.64362,0.53196
2,0.8579,6.69089,-0.50857,0.60845
2,0.9842,6.82814,-0.39838,0.67771
2,1.1105,6.94905,-0.30632,0.74232
2,1.2368,7.06286,-0.23136,0.80028
2,1.3632,7.21225,-0.16657,0.85027
2,1.4895,7.29793,-0.1105,0.89945
2,1.6158,7.26793,-0.06424,0.94304
2,1.7421,7.18719,-0.02081,0.98685
2,1.8684,7.09013,0.01647,1.02448
2,1.9947,6.84868,0.05711,1.06078
2,2.1211,6.93057,0.08801,1.09692
2,2.2474,6.8536,0.11683,1.12861
2,2.3737,6.82258,0.14205,1.16274
2,2.5,6.35348,0.17343,1.19762
3,0.1,4.08901,-2.58432,0.07684
3,0.2263,5.2967,-1.77329,0.17339
3,0.3526,5.84552,-1.33675,0.2681
3,0.4789,6.32656,-1.04173,0.35993
3,0.6053,6.76727,-0.82171,0.44755
3,0.7316,7.19163,-0.64932,0.53146
3,0.8579,7.51139,-0.51158,0.60689
3,0.9842,7.67431,-0.40207,0.67709
3,1.1105,7.80003,-0.31308,0.74312
3,1.2368,7.96471,-0.23399,0.79724
3,1.3632,8.17033,-0.17033,0.84985
3,1.4895,8.29568,-0.11402,0.89958
3,1.6158,8.45301,-0.06548,0.94027
3,1.7421,8.46828,-0.01972,0.98356
3,1.8684,8.18323,0.0166,1.02008
3,1.9947,8.03752,0.05541,1.06179
3,2.1211,7.88439,0.08672,1.09408
3,2.2474,7.64611,0.11692,1.12988
3,2.3737,7.43965,0.14521,1.16535
3,2.5,6.96966,0.17413,1.19262
4,0.1,3.89289,-2.5799,0.0778
4,0.2263,5.01672,-1.76565,0.17514
4,0.3526,5.49898,-1.33067,0.27046
4,0.4789,6.02603,-1.03788,0.3632
4,0.6053,6.48065,-0.8154,0.44963
4,0.7316,6.70435,-0.64618,0.53277
4,0.8579,6.82655,-0.51289,0.61057
4,0.9842,6.95893,-0.40418,0.6794
4,1.1105,7.10464,-0.31141,0.74423
4,1.2368,7.24157,-0.23557,0.80291
4,1.3632,7.32755,-0.17069,0.85678
4,1.4895,7.4286,-0.11221,0.90257
4,1.6158,7.51235,-0.06006,0.94776
4,1.7421,7.51168,-0.01651,0.98972
4,1.8684,7.63445,0.02055,1.02783
4,1.9947,7.27128,0.0588,1.06857
4,2.1211,7.06261,0.09037,1.09877
4,2.2474,7.09294,0.12001,1.13409
4,2.3737,6.91679,0.14924,1.1623
4,2.5,6.53579,0.17365,1.19532
5,0.1,4.1042,-2.5496,0.07751
5,0.2263,5.40013,-1.73859,0.17449
5,0.3526,5.92713,-1.30196,0.26939
5,0.4789,6.32619,-1.01256,0.36111
5,0.6053,6.65027,-0.79878,0.44998
5,0.7316,6.85166,-0.63331,0.5335
5,0.8579,6.97988,-0.49869,0.61128
5,0.9842,7.12541,-0.38872,0.68593
5,1.1105,7.26834,-0.2958,0.75063
5,1.2368,7.38191,-0.21889,0.80933
5,1.3632,7.52514,-0.15354,0.86364
5,1.4895,7.6468,-0.0974,0.91198
5,1.6158,7.65744,-0.04558,0.95707
5,1.7421,7.84925,-0.00304,1.00182
5,1.8684,7.59579,0.03257,1.03717
5,1.9947,7.5766,0.06547,1.06804
5,2.1211,7.27217,0.10035,1.1083
5,2.2474,7.16751,0.12923,1.13997
5,2.3737,6.87772,0.15419,1.1704
5,2.5,6.42345,0.17704,1.19687
6,0.1,3.92426,-2.61711,0.07555
6,0.2263,5.11527,-1.80342,0.16925
6,0.3526,5.45334,-1.36594,0.26242
6,0.4789,5.74827,-1.07345,0.35205
6,0.6053,6.01483,-0.85118,0.43646
6,0.7316,6.25394,-0.67753,0.51817
6,0.8579,6.44112,-0.5388,0.59489
6,0.9842,6.55697,-0.4218,0.66658
6,1.1105,6.66748,-0.32625,0.73017
6,1.2368,6.81636,-0.24688,0.79184
6,1.3632,6.93613,-0.17501,0.84482
6,1.4895,6.96796,-0.1184,0.89476
6,1.6158,6.98321,-0.06802,0.94144
6,1.7421,7.14073,-0.02257,0.98614
6,1.8684,7.26551,0.01915,1.02416
6,1.9947,7.18174,0.05242,1.06255
6,2.1211,7.08807,0.087,1.09952
6,2.2474,6.62166,0.11891,1.13128
6,2.3737,6.30511,0.14441,1.15723
6,2.5,6.41007,0.1748,1.19305
7,0.1,3.92182,-2.57627,0.07642
7,0.2263,4.93697,-1.76795,0.17208
7,0.3526,5.39554,-1.3346,0.26563
7,0.4789,5.78942,-1.04176,0.35699
7,0.6053,6.07706,-0.82569,0.44345
7,0.7316,6.33736,-0.65578,0.52595
7,0.8579,6.52336,-0.52031,0.60163
7,0.9842,6.61448,-0.4073,0.67465
7,1.1105,6.69366,-0.31707,0.73855
7,1.2368,6.73994,-0.2387,0.79552
7,1.3632,6.80021,-0.1732,0.8483
7,1.4895,6.85409,-0.11435,0.89947
7,1.6158,6.94417,-0.06378,0.94825
7,1.7421,7.05693,-0.01986,0.9871
7,1.8684,7.00024,0.0205,1.02648
7,1.9947,7.01478,0.05665,1.05941
7,2.1211,6.65421,0.09001,1.1
7,2.2474,6.54975,0.11961,1.13206
7,2.3737,6.56887,0.15136,1.16235
7,2.5,6.34888,0.16822,1.193
